n,terminal,wtime,ru_utime,ru_stime,ru_maxrss,ru_inblock,ru_oublock
0,konsole,0.649247,0.6719999999999999,0.244,63808,0,16
1,konsole,0.710811,0.764,0.212,63404,0,16
2,konsole,0.676743,0.704,0.23199999999999998,63496,0,24
3,konsole,0.669904,0.7,0.22,63576,0,16
4,konsole,0.652059,0.74,0.19599999999999998,63432,0,16
5,konsole,0.694736,0.74,0.248,63908,0,16
6,konsole,0.627103,0.616,0.26799999999999996,63892,0,16
7,konsole,0.648697,0.708,0.208,63800,0,24
8,konsole,0.658199,0.712,0.22399999999999998,63600,0,24
9,konsole,0.661062,0.736,0.204,63908,0,16
10,konsole,0.66083,0.692,0.248,63752,0,16
11,konsole,0.658145,0.696,0.23199999999999998,63636,0,16
12,konsole,0.625002,0.6759999999999999,0.22,63840,0,24
13,konsole,0.660988,0.728,0.208,62672,0,16
14,konsole,0.682299,0.6799999999999999,0.27599999999999997,63604,0,16
15,konsole,0.663676,0.708,0.212,63232,0,16
16,konsole,0.63783,0.6599999999999999,0.252,62904,0,16
17,konsole,0.672514,0.736,0.212,63404,0,16
18,konsole,0.651646,0.6719999999999999,0.248,63512,0,24
19,konsole,0.641285,0.712,0.212,63848,0,16
20,konsole,0.645596,0.704,0.204,63824,0,16
21,konsole,0.654123,0.6559999999999999,0.27999999999999997,63324,0,16
22,konsole,0.674459,0.728,0.23199999999999998,63132,0,16
23,konsole,0.665666,0.692,0.26,63396,0,24
24,konsole,0.685402,0.728,0.212,63488,0,16
25,konsole,0.681372,0.704,0.26,63908,0,16
26,konsole,0.648566,0.6799999999999999,0.22399999999999998,63368,0,16
27,konsole,0.651062,0.692,0.22799999999999998,63568,0,16
28,konsole,0.673985,0.74,0.216,63708,0,24
29,konsole,0.69275,0.692,0.284,63484,0,16
30,konsole,0.655264,0.712,0.216,63724,0,16
31,konsole,0.660236,0.724,0.22,63468,0,24
32,konsole,0.659529,0.72,0.22799999999999998,63436,0,16
33,konsole,0.653423,0.6839999999999999,0.236,63792,0,16
34,konsole,0.687596,0.736,0.22,63748,0,24
35,konsole,0.633423,0.6799999999999999,0.216,63748,0,16
36,konsole,0.639805,0.6839999999999999,0.22799999999999998,63756,0,16
37,konsole,0.633351,0.696,0.204,63856,0,16
38,konsole,0.652351,0.692,0.23199999999999998,63512,0,16
39,konsole,0.646615,0.712,0.204,63420,0,24
40,konsole,0.640602,0.692,0.208,64084,0,16
41,konsole,0.648072,0.692,0.212,63780,0,16
42,konsole,0.655347,0.716,0.22,62616,0,16
43,konsole,0.655917,0.712,0.204,63668,0,16
44,konsole,0.661303,0.696,0.24,63436,0,24
45,konsole,0.642333,0.724,0.19999999999999998,63664,0,16
46,konsole,0.707258,0.772,0.208,63872,0,16
47,konsole,0.64847,0.704,0.19599999999999998,63944,0,16
48,konsole,0.650718,0.716,0.19599999999999998,63500,0,16
49,konsole,0.657042,0.74,0.19599999999999998,63588,0,16
50,konsole,0.65269,0.696,0.23199999999999998,63656,0,24
51,konsole,0.672087,0.696,0.244,64032,0,16
52,konsole,0.681671,0.732,0.24,63532,0,16
53,konsole,0.657663,0.724,0.204,63840,0,16
54,konsole,0.652733,0.716,0.22,63312,0,16
55,konsole,0.66437,0.688,0.24,63524,0,24
56,konsole,0.64037,0.6759999999999999,0.23199999999999998,63560,0,16
57,konsole,0.666047,0.712,0.244,63424,0,16
58,konsole,0.63883,0.692,0.22,63616,0,16
59,konsole,0.639564,0.72,0.19999999999999998,63992,0,16
60,konsole,0.663366,0.716,0.216,63500,0,24
61,konsole,0.642849,0.712,0.212,63280,0,16
62,konsole,0.6586,0.7,0.22,63516,0,16
63,konsole,0.679571,0.764,0.204,62960,0,16
64,konsole,0.639122,0.688,0.204,63632,0,16
65,konsole,0.642084,0.6799999999999999,0.22399999999999998,63612,0,16
66,konsole,0.668298,0.728,0.22,63500,0,24
67,konsole,0.654164,0.728,0.204,63532,0,16
68,konsole,0.645355,0.6799999999999999,0.23199999999999998,62908,0,16
69,konsole,0.684533,0.692,0.248,63612,0,16
70,konsole,0.6686,0.708,0.22,64112,0,16
71,konsole,0.64936,0.692,0.22799999999999998,63896,0,24
72,konsole,0.657399,0.6839999999999999,0.256,63452,0,16
73,konsole,0.633393,0.6799999999999999,0.22799999999999998,63484,0,16
74,konsole,0.65972,0.72,0.216,63776,0,16
75,konsole,0.655724,0.728,0.22,63772,0,16
76,konsole,0.685927,0.748,0.22,63756,0,24
77,konsole,0.665774,0.744,0.204,63468,0,24
78,konsole,0.653251,0.704,0.236,64128,0,16
79,konsole,0.646301,0.72,0.19999999999999998,63444,0,16
80,konsole,0.683632,0.72,0.236,63312,0,16
81,konsole,0.647459,0.6839999999999999,0.22799999999999998,63640,0,16
82,konsole,0.66808,0.724,0.212,63764,0,24
83,konsole,0.654871,0.6599999999999999,0.264,63648,0,16
84,konsole,0.685277,0.724,0.244,62480,0,16
85,konsole,0.645682,0.716,0.188,63584,0,16
86,konsole,0.671193,0.74,0.19599999999999998,63104,0,16
87,konsole,0.651313,0.724,0.204,63856,0,24
88,konsole,0.660148,0.688,0.252,63852,0,16
89,konsole,0.646061,0.6759999999999999,0.236,63784,0,16
90,konsole,0.679274,0.728,0.22799999999999998,63484,0,16
91,konsole,0.703807,0.728,0.252,63012,0,16
92,konsole,0.670062,0.72,0.22399999999999998,63884,0,24
93,konsole,0.634971,0.708,0.19599999999999998,63556,0,16
94,konsole,0.628553,0.696,0.19599999999999998,63836,0,16
95,konsole,0.655191,0.716,0.208,63760,0,16
96,konsole,0.647815,0.688,0.216,63824,0,16
97,konsole,0.671157,0.736,0.208,63572,0,16
98,konsole,0.649093,0.716,0.19999999999999998,63508,0,24
99,konsole,0.645079,0.6679999999999999,0.236,63856,0,16
100,pterm,0.923077,0.984,0.256,21484,0,0
101,pterm,0.938931,1.028,0.208,21320,0,0
102,pterm,0.935635,1.036,0.204,21396,0,0
103,pterm,0.939744,1.02,0.212,21256,0,0
104,pterm,0.925982,1.032,0.19999999999999998,21512,0,0
105,pterm,0.931687,1.02,0.212,21268,0,0
106,pterm,0.932416,1.044,0.19599999999999998,21376,0,0
107,pterm,0.929588,1.028,0.19999999999999998,20780,0,0
108,pterm,0.94144,1.012,0.23199999999999998,21380,0,0
109,pterm,0.965839,1.052,0.208,21248,0,0
110,pterm,0.922005,1.008,0.212,21312,0,0
111,pterm,0.940737,1.02,0.22,20892,0,0
112,pterm,0.947225,1.076,0.176,21200,0,0
113,pterm,0.926544,1.016,0.208,20876,0,0
114,pterm,0.944201,1.044,0.19999999999999998,20840,0,0
115,pterm,0.9241,1.012,0.216,21320,0,0
116,pterm,0.945467,1.02,0.22399999999999998,21388,0,0
117,pterm,0.953542,1.048,0.204,21152,0,0
118,pterm,0.93765,1.08,0.16,21252,0,0
119,pterm,0.943305,1.052,0.192,21164,0,0
120,pterm,0.938111,1.036,0.19999999999999998,21196,0,0
121,pterm,0.926381,1.028,0.19599999999999998,21384,0,0
122,pterm,0.945727,1.016,0.22399999999999998,21508,0,0
123,pterm,0.918156,0.996,0.212,21484,0,0
124,pterm,0.921754,0.972,0.23199999999999998,21312,0,0
125,pterm,0.975865,1.08,0.192,21396,0,0
126,pterm,0.945281,1.052,0.19999999999999998,21448,0,0
127,pterm,0.935249,1.016,0.22799999999999998,21260,0,0
128,pterm,0.937125,1.016,0.212,21400,0,0
129,pterm,0.923349,0.988,0.22799999999999998,21564,0,0
130,pterm,0.943455,1.04,0.208,21324,0,0
131,pterm,0.930918,1.0,0.236,21252,0,0
132,pterm,0.935904,1.028,0.204,21180,0,0
133,pterm,0.934483,1.012,0.22399999999999998,21160,0,0
134,pterm,0.918456,1.04,0.18,21380,0,0
135,pterm,0.945514,1.012,0.22799999999999998,21264,0,0
136,pterm,0.92527,1.032,0.192,21384,0,0
137,pterm,0.927743,1.008,0.22399999999999998,21504,0,0
138,pterm,0.941466,1.068,0.16399999999999998,21248,0,0
139,pterm,0.955849,1.048,0.212,21336,0,8
140,pterm,0.940679,1.024,0.208,21428,0,0
141,pterm,0.919203,1.028,0.18,21348,0,0
142,pterm,0.931785,1.024,0.216,21236,0,0
143,pterm,0.912458,0.98,0.22799999999999998,21468,0,0
144,pterm,0.923971,1.016,0.204,21460,0,0
145,pterm,0.959706,1.04,0.212,21484,0,0
146,pterm,0.927531,1.004,0.216,21328,0,0
147,pterm,0.923786,1.056,0.16799999999999998,21468,0,0
148,pterm,0.940894,1.024,0.216,21248,0,0
149,pterm,0.942687,1.016,0.23199999999999998,21468,0,0
150,pterm,0.936743,1.012,0.22399999999999998,21448,0,0
151,pterm,0.932351,1.036,0.192,21552,0,0
152,pterm,0.948121,1.044,0.19999999999999998,21320,0,0
153,pterm,0.925483,0.992,0.22,21280,0,0
154,pterm,0.935508,1.012,0.22,21276,0,0
155,pterm,0.927155,1.02,0.208,20832,0,0
156,pterm,0.934045,1.024,0.204,21224,0,0
157,pterm,0.964565,1.092,0.184,21364,0,0
158,pterm,0.932293,1.02,0.19599999999999998,20932,0,0
159,pterm,0.929678,1.008,0.22399999999999998,21260,0,0
160,pterm,0.930833,1.0,0.236,21432,0,0
161,pterm,0.922555,1.012,0.212,21188,0,8
162,pterm,0.930265,1.0,0.248,21340,0,0
163,pterm,0.936035,1.02,0.212,21504,0,0
164,pterm,0.931401,1.024,0.22,21232,0,0
165,pterm,0.925655,1.004,0.22,21504,0,0
166,pterm,0.951451,1.028,0.22,21244,0,0
167,pterm,0.960299,1.036,0.22399999999999998,21500,0,0
168,pterm,0.91435,1.028,0.18,21228,0,0
169,pterm,0.935704,1.016,0.216,21256,0,0
170,pterm,0.913887,1.012,0.192,21416,0,0
171,pterm,0.91681,1.0,0.19999999999999998,21480,0,0
172,pterm,0.927373,1.008,0.22399999999999998,21288,0,0
173,pterm,0.946726,1.004,0.23199999999999998,21176,0,0
174,pterm,0.922978,1.012,0.212,21428,0,0
175,pterm,0.934649,1.004,0.22399999999999998,20936,0,0
176,pterm,0.931085,1.036,0.188,21336,0,0
177,pterm,0.920873,1.04,0.16799999999999998,21340,0,0
178,pterm,0.936366,1.064,0.172,21548,0,0
179,pterm,0.912029,1.0,0.216,20892,0,0
180,pterm,0.917728,0.98,0.22,21540,0,0
181,pterm,0.925575,1.064,0.18,20936,0,0
182,pterm,0.929332,1.044,0.184,21508,0,0
183,pterm,0.944868,1.012,0.22799999999999998,21436,0,0
184,pterm,0.926759,1.024,0.19999999999999998,21256,0,0
185,pterm,0.908817,1.016,0.19599999999999998,21380,0,0
186,pterm,0.927741,1.036,0.184,21472,0,0
187,pterm,0.907676,1.008,0.192,21268,0,0
188,pterm,0.950411,1.056,0.204,20884,0,0
189,pterm,0.944032,1.052,0.19599999999999998,21256,0,0
190,pterm,0.929485,1.02,0.19599999999999998,21316,0,0
191,pterm,0.951031,1.024,0.22399999999999998,21188,0,0
192,pterm,0.935728,1.024,0.212,21368,0,0
193,pterm,0.929102,1.02,0.22,20876,0,8
194,pterm,0.936454,1.02,0.216,21276,0,0
195,pterm,0.93182,1.02,0.208,21472,0,0
196,pterm,0.949359,1.044,0.22799999999999998,21404,0,0
197,pterm,0.926395,1.024,0.192,21268,0,0
198,pterm,0.916322,1.012,0.184,21220,0,0
199,pterm,0.93655,0.988,0.244,21156,0,0
200,terminator,1.08994,0.852,0.44,57760,0,1184
201,terminator,1.107696,0.892,0.39999999999999997,57912,0,1184
202,terminator,1.077217,0.828,0.44,57892,0,1184
203,terminator,1.108907,0.88,0.416,58128,0,1184
204,terminator,1.103984,0.8959999999999999,0.39999999999999997,57840,0,1184
205,terminator,1.08902,0.864,0.424,57740,0,1184
206,terminator,1.09981,0.844,0.444,57636,0,1184
207,terminator,1.087534,0.86,0.416,58036,0,1184
208,terminator,1.100244,0.86,0.428,57880,0,1184
209,terminator,1.093479,0.84,0.44799999999999995,57804,0,1184
210,terminator,1.101397,0.9079999999999999,0.38,57896,0,1184
211,terminator,1.082208,0.84,0.436,58260,0,1184
212,terminator,1.112743,0.8119999999999999,0.492,57916,0,1184
213,terminator,1.097877,0.8959999999999999,0.39199999999999996,57576,0,1184
214,terminator,1.108337,0.8999999999999999,0.38799999999999996,57644,0,1184
215,terminator,1.10859,0.9199999999999999,0.384,57828,0,1184
216,terminator,1.105989,0.88,0.42,57628,0,1184
217,terminator,1.118681,0.9079999999999999,0.39599999999999996,57724,0,1184
218,terminator,1.114948,0.8999999999999999,0.408,57676,0,1184
219,terminator,1.096849,0.856,0.432,58156,0,1184
220,terminator,1.096911,0.88,0.412,57712,0,1184
221,terminator,1.095768,0.892,0.39999999999999997,57848,0,1184
222,terminator,1.106552,0.852,0.44799999999999995,57772,0,1184
223,terminator,1.095259,0.852,0.436,57916,0,1184
224,terminator,1.089267,0.88,0.40399999999999997,58180,0,1184
225,terminator,1.102663,0.892,0.39599999999999996,57980,0,1184
226,terminator,1.087018,0.9079999999999999,0.38,57848,0,1184
227,terminator,1.091555,0.888,0.39199999999999996,57776,0,1184
228,terminator,1.091644,0.892,0.384,57752,0,1184
229,terminator,1.103052,0.9159999999999999,0.38,58180,0,1184
230,terminator,1.116266,0.9359999999999999,0.356,58296,0,1184
231,terminator,1.104107,0.88,0.412,58112,0,1184
232,terminator,1.082605,0.8959999999999999,0.38799999999999996,57668,0,1184
233,terminator,1.104962,0.856,0.436,57604,0,1184
234,terminator,1.108789,0.876,0.436,57920,0,1184
235,terminator,1.109894,0.864,0.44,57692,0,1184
236,terminator,1.097514,0.9239999999999999,0.36,57916,0,1184
237,terminator,1.082922,0.9079999999999999,0.384,57628,0,1184
238,terminator,1.108319,0.836,0.46799999999999997,57660,0,1184
239,terminator,1.094143,0.848,0.444,58008,0,1184
240,terminator,1.112031,0.884,0.42,57832,0,1184
241,terminator,1.08859,0.852,0.432,57832,0,1184
242,terminator,1.110927,0.844,0.45599999999999996,57992,0,1184
243,terminator,1.106403,0.864,0.44,57720,0,1184
244,terminator,1.102422,0.9079999999999999,0.376,57444,0,1184
245,terminator,1.111027,0.872,0.432,57860,0,1184
246,terminator,1.103423,0.872,0.432,57516,0,1184
247,terminator,1.09379,0.9119999999999999,0.372,57804,0,1184
248,terminator,1.093303,0.9039999999999999,0.384,57928,0,1184
249,terminator,1.079508,0.872,0.39999999999999997,57624,0,1184
250,terminator,1.107892,0.952,0.352,58100,0,1184
251,terminator,1.094019,0.876,0.40399999999999997,58116,0,1184
252,terminator,1.100997,0.844,0.444,57916,0,1184
253,terminator,1.101825,0.864,0.432,57696,0,1184
254,terminator,1.092998,0.856,0.432,57588,0,1184
255,terminator,1.097551,0.9239999999999999,0.364,57652,0,1184
256,terminator,1.119084,0.9239999999999999,0.384,57904,0,1184
257,terminator,1.112852,0.868,0.428,57900,0,1184
258,terminator,1.100817,0.828,0.45999999999999996,57420,0,1184
259,terminator,1.086923,0.888,0.39599999999999996,57648,0,1184
260,terminator,1.09727,0.9119999999999999,0.372,57752,0,1184
261,terminator,1.100447,0.868,0.436,57684,0,1184
262,terminator,1.101777,0.94,0.364,57892,0,1184
263,terminator,1.103038,0.9319999999999999,0.352,57852,0,1184
264,terminator,1.090569,0.86,0.424,57776,0,1184
265,terminator,1.105383,0.884,0.412,57692,0,1184
266,terminator,1.097631,0.952,0.33199999999999996,57700,0,1184
267,terminator,1.093631,0.828,0.45999999999999996,58024,0,1184
268,terminator,1.082223,0.9039999999999999,0.384,58032,0,1184
269,terminator,1.109842,0.884,0.408,57612,0,1184
270,terminator,1.103339,0.8959999999999999,0.39599999999999996,57752,0,1184
271,terminator,1.135723,0.9079999999999999,0.39599999999999996,57996,0,1184
272,terminator,1.111242,0.84,0.46799999999999997,57780,0,1184
273,terminator,1.085565,0.876,0.40399999999999997,57928,0,1184
274,terminator,1.098064,0.8999999999999999,0.38,57692,0,1184
275,terminator,1.116442,0.9199999999999999,0.38799999999999996,57876,0,1184
276,terminator,1.098492,0.8999999999999999,0.39199999999999996,58068,0,1184
277,terminator,1.106253,0.868,0.44,57448,0,1184
278,terminator,1.096547,0.9159999999999999,0.372,58432,0,1184
279,terminator,1.089453,0.868,0.412,57712,0,1184
280,terminator,1.102391,0.88,0.412,58080,0,1184
281,terminator,1.094708,0.9039999999999999,0.384,57708,0,1184
282,terminator,1.098007,0.9279999999999999,0.364,57632,0,1184
283,terminator,1.100825,0.836,0.45599999999999996,57820,0,1184
284,terminator,1.12123,0.8959999999999999,0.416,58244,0,1184
285,terminator,1.105387,0.884,0.42,57700,0,1184
286,terminator,1.097755,0.876,0.39999999999999997,57660,0,1184
287,terminator,1.080629,0.9039999999999999,0.376,57992,0,1184
288,terminator,1.104859,0.9239999999999999,0.38,58084,0,1184
289,terminator,1.087693,0.86,0.42,57968,0,1184
290,terminator,1.095061,0.868,0.42,57868,0,1184
291,terminator,1.093312,0.8999999999999999,0.376,58196,0,1184
292,terminator,1.074402,0.94,0.33599999999999997,57728,0,1176
293,terminator,1.101439,0.8999999999999999,0.39199999999999996,57832,0,1184
294,terminator,1.123151,0.9199999999999999,0.428,57976,0,1184
295,terminator,1.136898,0.868,0.44,57640,0,1184
296,terminator,1.091581,0.872,0.416,57860,0,1184
297,terminator,1.09932,0.9119999999999999,0.38,57976,0,1184
298,terminator,1.112947,0.8999999999999999,0.39599999999999996,57932,0,1184
299,terminator,1.109714,0.872,0.432,57912,0,1184
300,uxterm,1.304773,0.9239999999999999,0.688,12300,0,8
301,uxterm,1.307972,1.012,0.584,12464,0,8
302,uxterm,1.283883,0.9119999999999999,0.6759999999999999,12464,0,8
303,uxterm,1.294126,1.008,0.592,12532,0,8
304,uxterm,1.316638,1.04,0.572,12532,0,8
305,uxterm,1.317619,0.948,0.6639999999999999,12512,0,8
306,uxterm,9.985697,5.276,1.232,11556,0,8
307,uxterm,1.316839,1.024,0.592,12472,0,8
308,uxterm,1.327241,1.028,0.588,12456,0,8
309,uxterm,1.328364,0.984,0.64,12508,0,8
310,uxterm,1.307772,0.992,0.616,12512,0,8
311,uxterm,1.301999,1.036,0.564,12512,0,8
312,uxterm,1.343372,1.004,0.6559999999999999,12444,0,8
313,uxterm,1.37239,1.044,0.64,12516,0,8
314,uxterm,1.331516,0.984,0.6599999999999999,12608,0,8
315,uxterm,1.332941,0.972,0.6679999999999999,12488,0,8
316,uxterm,1.335588,1.008,0.624,12404,0,8
317,uxterm,1.320623,1.04,0.584,12472,0,8
318,uxterm,1.314246,0.952,0.6679999999999999,12572,0,8
319,uxterm,1.374301,1.004,0.636,12324,0,8
320,uxterm,1.241736,0.984,0.5479999999999999,12532,0,8
321,uxterm,1.265958,0.948,0.604,12588,0,8
322,uxterm,1.268812,1.004,0.5479999999999999,12556,0,8
323,uxterm,1.282877,0.948,0.62,12476,0,8
324,uxterm,1.267689,0.868,0.6839999999999999,12528,0,8
325,uxterm,1.269136,0.9079999999999999,0.648,12424,0,8
326,uxterm,1.250706,0.956,0.6,12596,0,8
327,uxterm,1.251845,0.9039999999999999,0.652,12484,0,8
328,uxterm,1.247288,0.948,0.596,12552,0,8
329,uxterm,1.23893,0.944,0.596,12348,0,8
330,uxterm,1.281096,0.992,0.576,12540,0,8
331,uxterm,1.259419,0.9239999999999999,0.616,12616,0,8
332,uxterm,1.266059,0.948,0.604,12480,0,8
333,uxterm,1.277851,0.972,0.6,12288,0,8
334,uxterm,1.227083,0.952,0.584,12548,0,8
335,uxterm,1.263562,0.984,0.568,12444,0,8
336,uxterm,1.256509,0.972,0.572,12500,0,8
337,uxterm,1.28347,0.9159999999999999,0.652,12528,0,8
338,uxterm,1.263067,0.94,0.624,12472,0,8
339,uxterm,1.246615,0.9319999999999999,0.612,12512,0,8
340,uxterm,1.281345,0.8999999999999999,0.6639999999999999,12476,0,8
341,uxterm,1.262397,0.992,0.568,12556,0,8
342,uxterm,1.241577,0.8959999999999999,0.644,12432,0,8
343,uxterm,1.24346,0.9159999999999999,0.624,12328,0,8
344,uxterm,1.280087,0.94,0.62,12488,0,8
345,uxterm,1.283862,1.0,0.564,12492,0,8
346,uxterm,1.266398,0.9319999999999999,0.628,12512,0,8
347,uxterm,1.274117,0.972,0.592,12552,0,8
348,uxterm,1.248876,0.956,0.584,12436,0,8
349,uxterm,1.26811,0.956,0.592,12524,0,8
350,uxterm,1.263944,0.9239999999999999,0.632,12460,0,8
351,uxterm,1.255566,0.948,0.604,12568,0,8
352,uxterm,1.256066,0.976,0.568,12552,0,8
353,uxterm,1.252813,0.944,0.604,12428,0,8
354,uxterm,1.25271,0.876,0.6679999999999999,12576,0,8
355,uxterm,1.253015,0.984,0.5599999999999999,12560,0,8
356,uxterm,1.26274,0.952,0.616,12332,0,8
357,uxterm,1.260627,0.976,0.588,12484,0,8
358,uxterm,1.263502,0.992,0.572,12484,0,8
359,uxterm,1.242649,0.9039999999999999,0.636,12504,0,8
360,uxterm,1.252392,1.008,0.5399999999999999,12540,0,8
361,uxterm,1.302871,0.948,0.636,12496,0,8
362,uxterm,1.27607,0.892,0.6759999999999999,12472,0,8
363,uxterm,1.266555,1.016,0.532,12468,0,8
364,uxterm,1.268359,0.964,0.592,12504,0,8
365,uxterm,1.258282,0.976,0.572,12480,0,8
366,uxterm,1.252662,0.9079999999999999,0.636,12596,0,8
367,uxterm,1.261714,0.952,0.588,12504,0,8
368,uxterm,1.271982,0.968,0.588,12504,0,8
369,uxterm,1.272088,0.96,0.608,12584,0,8
370,uxterm,1.272707,0.996,0.564,12560,0,8
371,uxterm,1.259522,0.952,0.596,12524,0,8
372,uxterm,1.279232,0.8999999999999999,0.6719999999999999,12320,0,8
373,uxterm,1.266468,0.952,0.596,12504,0,8
374,uxterm,1.27662,0.992,0.564,12464,0,8
375,uxterm,1.266475,0.9359999999999999,0.628,12436,0,8
376,uxterm,1.26262,0.992,0.5599999999999999,12500,0,8
377,uxterm,1.273814,0.892,0.6719999999999999,12500,0,8
378,uxterm,1.264403,0.9119999999999999,0.64,12424,0,8
379,uxterm,1.252571,0.976,0.564,12556,0,8
380,uxterm,1.268518,0.98,0.572,12516,0,8
381,uxterm,1.249283,0.956,0.588,12572,0,8
382,uxterm,1.229777,0.9199999999999999,0.612,12568,0,8
383,uxterm,1.277235,1.04,0.532,12548,0,8
384,uxterm,1.273241,0.972,0.584,12512,0,8
385,uxterm,1.273096,1.024,0.5399999999999999,12516,0,8
386,uxterm,1.273478,0.9199999999999999,0.632,12520,0,8
387,uxterm,1.277562,0.84,0.72,12484,0,8
388,uxterm,1.268259,1.024,0.5439999999999999,12484,0,8
389,uxterm,1.269265,0.944,0.612,12504,0,8
390,uxterm,1.242752,0.956,0.608,12472,0,8
391,uxterm,1.26917,0.976,0.584,12512,0,8
392,uxterm,1.252766,0.8999999999999999,0.652,12508,0,8
393,uxterm,1.253234,0.9079999999999999,0.64,12512,0,8
394,uxterm,1.258482,0.988,0.5599999999999999,12596,0,8
395,uxterm,1.25932,1.056,0.504,12528,0,8
396,uxterm,1.285135,0.952,0.616,12308,0,8
397,uxterm,1.251966,0.952,0.6,12604,0,8
398,uxterm,1.265008,0.9159999999999999,0.644,12452,0,8
399,uxterm,1.286372,0.996,0.58,12468,0,8
400,xfce4-terminal,1.065198,0.816,0.45599999999999996,37396,0,1184
401,xfce4-terminal,1.02089,0.816,0.424,37500,0,1184
402,xfce4-terminal,1.042023,0.7879999999999999,0.44799999999999995,37352,0,1184
403,xfce4-terminal,1.054524,0.828,0.44,37300,0,1184
404,xfce4-terminal,1.030711,0.8079999999999999,0.436,37352,0,1184
405,xfce4-terminal,1.020314,0.74,0.504,36856,0,1184
406,xfce4-terminal,1.002344,0.768,0.46399999999999997,36772,0,1184
407,xfce4-terminal,1.020565,0.756,0.472,37000,0,1176
408,xfce4-terminal,1.007206,0.7799999999999999,0.432,37320,0,1184
409,xfce4-terminal,1.038474,0.82,0.428,36924,0,1184
410,xfce4-terminal,1.026309,0.764,0.476,36872,0,1184
411,xfce4-terminal,1.022789,0.824,0.428,37088,0,1184
412,xfce4-terminal,1.028303,0.828,0.416,36848,0,1184
413,xfce4-terminal,1.020473,0.7999999999999999,0.44,36920,0,1184
414,xfce4-terminal,1.050015,0.832,0.42,36792,0,1184
415,xfce4-terminal,1.016102,0.836,0.39199999999999996,36908,0,1184
416,xfce4-terminal,1.008901,0.8079999999999999,0.416,36900,0,1184
417,xfce4-terminal,1.008631,0.7799999999999999,0.444,36964,0,1184
418,xfce4-terminal,1.01917,0.816,0.432,37012,0,1184
419,xfce4-terminal,1.017783,0.7799999999999999,0.45599999999999996,37408,0,1184
420,xfce4-terminal,1.041277,0.7959999999999999,0.472,37304,0,1184
421,xfce4-terminal,1.0182,0.752,0.488,36796,0,1184
422,xfce4-terminal,1.015392,0.764,0.472,37032,0,1184
423,xfce4-terminal,1.043714,0.7999999999999999,0.45199999999999996,37040,0,1184
424,xfce4-terminal,1.024527,0.84,0.39999999999999997,37552,0,1184
425,xfce4-terminal,1.013737,0.768,0.45599999999999996,37160,0,1184
426,xfce4-terminal,1.00646,0.76,0.45599999999999996,37080,0,1184
427,xfce4-terminal,1.007363,0.768,0.45199999999999996,37432,0,1184
428,xfce4-terminal,1.036551,0.852,0.38799999999999996,37124,0,1184
429,xfce4-terminal,1.025606,0.8039999999999999,0.444,37464,0,1184
430,xfce4-terminal,1.047964,0.828,0.436,37196,0,1184
431,xfce4-terminal,0.99848,0.756,0.44799999999999995,36916,0,1184
432,xfce4-terminal,1.031101,0.7999999999999999,0.44799999999999995,36932,0,1184
433,xfce4-terminal,1.011536,0.7919999999999999,0.432,37620,0,1184
434,xfce4-terminal,1.023271,0.82,0.408,37188,0,1184
435,xfce4-terminal,1.007863,0.7879999999999999,0.436,37236,0,1184
436,xfce4-terminal,1.042523,0.752,0.496,37008,0,1184
437,xfce4-terminal,1.016838,0.8079999999999999,0.428,36804,0,1184
438,xfce4-terminal,1.038234,0.7879999999999999,0.444,37092,0,1184
439,xfce4-terminal,1.003319,0.7799999999999999,0.45199999999999996,37352,0,1184
440,xfce4-terminal,0.991181,0.7799999999999999,0.42,36816,0,1184
441,xfce4-terminal,0.941778,0.704,0.45599999999999996,36972,0,1184
442,xfce4-terminal,1.009117,0.828,0.39999999999999997,37044,0,1184
443,xfce4-terminal,1.01614,0.7959999999999999,0.432,37160,0,1184
444,xfce4-terminal,1.036306,0.816,0.45199999999999996,36904,0,1184
445,xfce4-terminal,1.013543,0.824,0.412,37244,0,1184
446,xfce4-terminal,1.037492,0.7799999999999999,0.476,36804,0,1184
447,xfce4-terminal,1.025289,0.82,0.416,37048,0,1184
448,xfce4-terminal,1.032524,0.824,0.432,36732,0,1176
449,xfce4-terminal,1.008365,0.772,0.45599999999999996,37268,0,1184
450,xfce4-terminal,1.003079,0.7759999999999999,0.45199999999999996,37020,0,1176
451,xfce4-terminal,1.031105,0.7839999999999999,0.46799999999999997,36908,0,1184
452,xfce4-terminal,1.019174,0.7799999999999999,0.444,36796,0,1184
453,xfce4-terminal,1.068544,0.7839999999999999,0.484,37436,0,1184
454,xfce4-terminal,0.990778,0.8039999999999999,0.39599999999999996,37060,0,1184
455,xfce4-terminal,1.024779,0.82,0.44,36768,0,1184
456,xfce4-terminal,1.017562,0.7999999999999999,0.444,36916,0,1184
457,xfce4-terminal,1.024325,0.84,0.40399999999999997,36940,0,1184
458,xfce4-terminal,1.00363,0.7999999999999999,0.412,36828,0,1184
459,xfce4-terminal,1.027304,0.836,0.412,36872,0,1184
460,xfce4-terminal,1.069381,0.88,0.424,36924,0,1184
461,xfce4-terminal,1.016633,0.8039999999999999,0.444,37500,0,1176
462,xfce4-terminal,1.019552,0.764,0.476,36836,0,1184
463,xfce4-terminal,1.033347,0.816,0.428,37096,0,1184
464,xfce4-terminal,1.052266,0.82,0.45599999999999996,37508,0,1184
465,xfce4-terminal,1.024738,0.772,0.45999999999999996,36808,0,1184
466,xfce4-terminal,1.00437,0.7959999999999999,0.42,37476,0,1184
467,xfce4-terminal,1.0411,0.8039999999999999,0.45199999999999996,36968,0,1184
468,xfce4-terminal,1.023236,0.8039999999999999,0.44,37388,0,1184
469,xfce4-terminal,1.029545,0.756,0.5,36984,0,1184
470,xfce4-terminal,1.003625,0.768,0.46799999999999997,36652,0,1184
471,xfce4-terminal,1.003988,0.8079999999999999,0.39999999999999997,37024,0,1184
472,xfce4-terminal,1.03486,0.848,0.39999999999999997,37308,0,1184
473,xfce4-terminal,1.004828,0.756,0.44799999999999995,37248,0,1184
474,xfce4-terminal,1.005942,0.768,0.44799999999999995,37040,0,1184
475,xfce4-terminal,1.030058,0.756,0.476,36908,0,1184
476,xfce4-terminal,1.03605,0.7959999999999999,0.45999999999999996,37080,0,1184
477,xfce4-terminal,1.047434,0.8119999999999999,0.44,37196,0,1184
478,xfce4-terminal,1.025449,0.7879999999999999,0.44,36816,0,1184
479,xfce4-terminal,1.017818,0.752,0.48,37256,0,1184
480,xfce4-terminal,1.015125,0.768,0.46799999999999997,37092,0,1184
481,xfce4-terminal,1.01249,0.8039999999999999,0.428,36976,0,1176
482,xfce4-terminal,1.041087,0.852,0.38,37016,0,1184
483,xfce4-terminal,1.005205,0.768,0.45599999999999996,36948,0,1184
484,xfce4-terminal,1.028283,0.7959999999999999,0.45599999999999996,37140,0,1184
485,xfce4-terminal,1.027772,0.836,0.412,37332,0,1184
486,xfce4-terminal,1.011605,0.748,0.46799999999999997,37456,0,1184
487,xfce4-terminal,1.019682,0.8039999999999999,0.424,37420,0,1184
488,xfce4-terminal,1.033235,0.7879999999999999,0.46799999999999997,37012,0,1184
489,xfce4-terminal,1.014413,0.82,0.39599999999999996,36872,0,1184
490,xfce4-terminal,1.006532,0.7759999999999999,0.444,37260,0,1184
491,xfce4-terminal,1.013927,0.7879999999999999,0.44799999999999995,37164,0,1184
492,xfce4-terminal,1.032823,0.744,0.504,37228,0,1184
493,xfce4-terminal,1.035624,0.828,0.45199999999999996,36712,0,1184
494,xfce4-terminal,1.001891,0.7759999999999999,0.444,36964,0,1184
495,xfce4-terminal,1.061753,0.828,0.45999999999999996,36900,0,1184
496,xfce4-terminal,1.032992,0.72,0.52,36912,0,1184
497,xfce4-terminal,1.019948,0.828,0.39999999999999997,36892,0,1184
498,xfce4-terminal,1.004868,0.852,0.376,37448,0,1184
499,xfce4-terminal,0.938613,0.7839999999999999,0.376,36884,0,1184
500,alacritty,0.555558,0.528,0.356,29084,0,0
501,alacritty,0.569836,0.516,0.384,28932,0,0
502,alacritty,0.532438,0.62,0.33999999999999997,28824,0,0
503,alacritty,0.556195,0.472,0.42,28784,0,0
504,alacritty,0.569206,0.64,0.32,29076,0,0
505,alacritty,0.56161,0.524,0.364,28740,0,0
506,alacritty,0.56134,0.5399999999999999,0.356,29156,0,0
507,alacritty,0.583509,0.5519999999999999,0.36,28860,0,0
508,alacritty,0.570989,0.5399999999999999,0.364,28872,0,0
509,alacritty,0.575211,0.5399999999999999,0.364,29060,0,0
510,alacritty,0.586495,0.592,0.32799999999999996,28860,0,0
511,alacritty,0.562753,0.508,0.39199999999999996,28724,0,0
512,alacritty,0.591403,0.6,0.412,28752,0,0
513,alacritty,0.575678,0.596,0.39999999999999997,29052,0,0
514,alacritty,0.569223,0.576,0.412,28884,0,0
515,alacritty,0.558044,0.532,0.36,28936,0,0
516,alacritty,0.549193,0.492,0.39199999999999996,28776,0,0
517,alacritty,0.566083,0.488,0.40399999999999997,29048,0,0
518,alacritty,0.573076,0.608,0.39999999999999997,29124,0,0
519,alacritty,0.583531,0.5399999999999999,0.364,28756,0,0
520,alacritty,0.554411,0.488,0.408,28928,0,0
521,alacritty,0.5671,0.5399999999999999,0.364,29032,0,0
522,alacritty,0.548723,0.496,0.384,28892,0,0
523,alacritty,0.566461,0.5559999999999999,0.348,28984,0,0
524,alacritty,0.591653,0.608,0.39599999999999996,28848,0,0
525,alacritty,0.609413,0.692,0.356,28960,0,0
526,alacritty,0.554833,0.504,0.384,28756,0,0
527,alacritty,0.559046,0.5359999999999999,0.352,28976,0,0
528,alacritty,0.572458,0.604,0.376,29064,0,0
529,alacritty,0.55858,0.5359999999999999,0.364,28960,0,0
530,alacritty,0.611697,0.708,0.352,28972,0,0
531,alacritty,0.561102,0.532,0.372,29252,0,0
532,alacritty,0.557126,0.496,0.39999999999999997,29032,0,0
533,alacritty,0.558957,0.588,0.304,29048,0,0
534,alacritty,0.563094,0.524,0.376,28780,0,0
535,alacritty,0.552797,0.504,0.372,29264,0,0
536,alacritty,0.576493,0.588,0.324,29120,0,0
537,alacritty,0.561879,0.52,0.376,29096,0,0
538,alacritty,0.565894,0.5399999999999999,0.356,29000,0,0
539,alacritty,0.567583,0.516,0.384,28964,0,0
540,alacritty,0.566222,0.532,0.376,29052,0,0
541,alacritty,0.553865,0.45199999999999996,0.432,28624,0,0
542,alacritty,0.559527,0.508,0.39199999999999996,29204,0,0
543,alacritty,0.608771,0.6559999999999999,0.384,29232,0,0
544,alacritty,0.554869,0.5359999999999999,0.344,29132,0,0
545,alacritty,136.367916,0.516,0.38799999999999996,28808,0,0
546,alacritty,0.504893,0.39999999999999997,0.376,28916,0,0
547,alacritty,0.495643,0.46799999999999997,0.308,28820,0,0
548,alacritty,0.513606,0.48,0.316,28872,0,0
549,alacritty,0.511781,0.408,0.38,28908,0,0
550,alacritty,0.513039,0.44799999999999995,0.356,28924,0,0
551,alacritty,0.513444,0.428,0.364,28992,0,0
552,alacritty,0.513188,0.45599999999999996,0.32799999999999996,28888,0,0
553,alacritty,0.51294,0.44,0.348,28700,0,0
554,alacritty,0.497786,0.44799999999999995,0.33199999999999996,29072,0,0
555,alacritty,0.513775,0.424,0.364,29052,0,0
556,alacritty,0.513686,0.39199999999999996,0.39199999999999996,29148,0,0
557,alacritty,0.513349,0.428,0.368,29064,0,0
558,alacritty,0.513705,0.42,0.364,28644,0,0
559,alacritty,0.513404,0.472,0.312,28996,0,0
560,alacritty,0.495345,0.444,0.324,28808,0,0
561,alacritty,0.514477,0.444,0.348,29048,0,0
562,alacritty,0.495478,0.432,0.344,29172,0,0
563,alacritty,0.513927,0.508,0.27999999999999997,28896,0,0
564,alacritty,0.530058,0.46399999999999997,0.348,28964,0,0
565,alacritty,0.514253,0.45199999999999996,0.33999999999999997,29164,0,0
566,alacritty,0.529166,0.472,0.348,29196,0,0
567,alacritty,0.514394,0.48,0.308,29156,0,0
568,alacritty,0.513973,0.476,0.312,29044,0,0
569,alacritty,0.513074,0.46799999999999997,0.324,28836,0,0
570,alacritty,0.496867,0.424,0.344,28920,0,0
571,alacritty,0.532308,0.516,0.288,28948,0,0
572,alacritty,0.52645,0.532,0.26,28740,0,0
573,alacritty,0.529476,0.45599999999999996,0.33199999999999996,28808,0,0
574,alacritty,0.497061,0.444,0.33599999999999997,29176,0,0
575,alacritty,0.498025,0.424,0.348,29104,0,0
576,alacritty,0.495392,0.432,0.348,28696,0,0
577,alacritty,0.497562,0.42,0.344,28664,0,0
578,alacritty,0.512728,0.45599999999999996,0.324,28852,0,0
579,alacritty,0.531013,0.488,0.324,28752,0,0
580,alacritty,0.512599,0.436,0.352,29056,0,0
581,alacritty,0.51428,0.476,0.324,29128,0,0
582,alacritty,0.512537,0.432,0.352,28832,0,0
583,alacritty,0.496972,0.45999999999999996,0.312,29184,0,0
584,alacritty,0.530483,0.472,0.33199999999999996,28848,0,0
585,alacritty,0.496459,0.39199999999999996,0.384,29024,0,0
586,alacritty,0.514593,0.472,0.32,29056,0,0
587,alacritty,0.515053,0.472,0.308,28932,0,0
588,alacritty,0.530037,0.472,0.324,29208,0,0
589,alacritty,0.523963,0.46799999999999997,0.324,29152,0,0
590,alacritty,0.497379,0.524,0.26,29180,0,0
591,alacritty,0.495982,0.44799999999999995,0.324,29060,0,0
592,alacritty,0.497467,0.444,0.32,28688,0,0
593,alacritty,0.513383,0.46799999999999997,0.32,29020,0,0
594,alacritty,0.496789,0.436,0.33199999999999996,28952,0,0
595,alacritty,0.496034,0.416,0.364,29128,0,0
596,alacritty,0.51334,0.46399999999999997,0.33999999999999997,28916,0,0
597,alacritty,0.497999,0.42,0.348,29060,0,0
598,alacritty,0.495502,0.416,0.344,29172,0,0
599,alacritty,0.496737,0.45199999999999996,0.312,28960,0,0
600,mlterm,0.942685,1.036,0.208,11344,0,8
601,mlterm,0.932481,1.028,0.22799999999999998,11280,0,8
602,mlterm,0.949335,1.028,0.252,11336,0,8
603,mlterm,0.923253,1.044,0.19599999999999998,11276,0,8
604,mlterm,0.908748,0.976,0.236,11260,0,8
605,mlterm,0.930268,1.02,0.23199999999999998,11396,0,8
606,mlterm,0.919777,1.028,0.192,11260,0,8
607,mlterm,0.925194,1.032,0.212,11536,0,8
608,mlterm,0.924126,1.012,0.216,11348,0,8
609,mlterm,0.941704,1.02,0.244,11328,0,8
610,mlterm,0.92606,1.028,0.216,11320,0,8
611,mlterm,0.931029,1.044,0.208,11324,0,8
612,mlterm,0.935048,1.032,0.216,11336,0,8
613,mlterm,0.940288,1.008,0.244,11484,0,8
614,mlterm,0.926539,1.068,0.188,11344,0,8
615,mlterm,0.934468,1.024,0.216,11280,0,8
616,mlterm,0.946395,1.024,0.22,11316,0,8
617,mlterm,1.037209,1.136,0.204,11408,0,8
618,mlterm,0.925298,1.024,0.22,11512,0,8
619,mlterm,0.936198,0.992,0.264,11304,0,8
620,mlterm,0.925512,1.02,0.22399999999999998,11356,0,8
621,mlterm,0.928003,1.044,0.212,11336,0,8
622,mlterm,0.914515,1.032,0.192,11376,0,8
623,mlterm,0.928226,1.052,0.188,11512,0,8
624,mlterm,0.920936,1.02,0.204,11312,0,8
625,mlterm,0.919105,1.016,0.212,11300,0,8
626,mlterm,0.916829,1.02,0.208,11276,0,8
627,mlterm,0.922493,1.044,0.19599999999999998,11332,0,8
628,mlterm,0.92849,1.024,0.212,11308,0,8
629,mlterm,0.929565,1.008,0.236,11360,0,8
630,mlterm,0.910183,1.048,0.16799999999999998,11320,0,8
631,mlterm,0.915354,0.992,0.22799999999999998,11308,0,8
632,mlterm,0.943982,1.048,0.208,11268,0,8
633,mlterm,0.908866,1.024,0.19599999999999998,11512,0,8
634,mlterm,0.92588,1.024,0.216,11336,0,8
635,mlterm,0.919952,1.004,0.22399999999999998,11308,0,8
636,mlterm,0.930234,1.016,0.23199999999999998,11308,0,8
637,mlterm,0.933101,1.016,0.22799999999999998,11268,0,8
638,mlterm,0.932599,1.02,0.236,11308,0,8
639,mlterm,0.912485,1.036,0.176,11292,0,8
640,mlterm,0.924487,1.016,0.22399999999999998,11532,0,8
641,mlterm,0.936357,1.016,0.24,11292,0,8
642,mlterm,0.918771,1.02,0.19999999999999998,11328,0,8
643,mlterm,0.925471,1.032,0.208,11332,0,8
644,mlterm,0.917881,1.016,0.204,11304,0,8
645,mlterm,0.90598,0.988,0.22,11260,0,8
646,mlterm,0.918388,1.008,0.216,11300,0,8
647,mlterm,0.923804,1.0,0.23199999999999998,11552,0,8
648,mlterm,0.944873,1.02,0.23199999999999998,11368,0,8
649,mlterm,0.920337,1.004,0.23199999999999998,11284,0,8
650,mlterm,0.925992,1.016,0.208,11300,0,8
651,mlterm,0.928634,1.052,0.192,11348,0,8
652,mlterm,0.906096,0.984,0.22399999999999998,11220,0,8
653,mlterm,0.947048,1.084,0.18,11348,0,8
654,mlterm,0.91743,1.012,0.22,11372,0,8
655,mlterm,0.921719,1.008,0.23199999999999998,11332,0,8
656,mlterm,0.912824,1.008,0.204,11344,0,8
657,mlterm,0.925548,1.056,0.188,11296,0,8
658,mlterm,0.94707,1.052,0.208,11344,0,8
659,mlterm,0.929411,0.996,0.244,11280,0,8
660,mlterm,0.910855,1.032,0.188,11336,0,8
661,mlterm,0.910641,1.02,0.19599999999999998,11272,0,8
662,mlterm,0.905236,0.984,0.22399999999999998,11324,0,8
663,mlterm,0.924644,1.048,0.18,11336,0,8
664,mlterm,0.918969,1.044,0.184,11316,0,8
665,mlterm,0.945003,1.036,0.212,11320,0,8
666,mlterm,0.922141,1.024,0.19999999999999998,11276,0,8
667,mlterm,0.921632,1.016,0.216,11296,0,8
668,mlterm,0.915458,1.028,0.216,11308,0,8
669,mlterm,0.916792,1.024,0.192,11336,0,8
670,mlterm,0.921926,1.028,0.204,11300,0,8
671,mlterm,0.91676,1.02,0.204,11340,0,8
672,mlterm,0.926251,0.996,0.252,11384,0,8
673,mlterm,0.92912,1.012,0.236,11288,0,8
674,mlterm,0.91099,1.0,0.19999999999999998,11312,0,8
675,mlterm,0.90913,1.008,0.212,11284,0,8
676,mlterm,0.917608,1.024,0.19599999999999998,11380,0,8
677,mlterm,0.926347,0.988,0.26,11272,0,8
678,mlterm,0.913605,1.0,0.208,11396,0,8
679,mlterm,0.936016,1.052,0.19999999999999998,11336,0,8
680,mlterm,0.924512,1.02,0.208,11320,0,8
681,mlterm,0.935259,1.024,0.208,11316,0,8
682,mlterm,0.906716,0.968,0.236,11320,0,8
683,mlterm,0.91134,1.012,0.208,11300,0,8
684,mlterm,0.911165,0.976,0.24,11468,0,8
685,mlterm,0.91921,1.008,0.22,11304,0,8
686,mlterm,0.928195,1.032,0.19999999999999998,11324,0,8
687,mlterm,0.947878,1.02,0.248,11548,0,8
688,mlterm,0.910011,1.02,0.19599999999999998,11344,0,8
689,mlterm,0.910877,0.992,0.22799999999999998,11312,0,8
690,mlterm,0.931198,1.052,0.19999999999999998,11488,0,8
691,mlterm,0.914477,1.052,0.16399999999999998,11292,0,8
692,mlterm,0.923498,1.016,0.22399999999999998,11332,0,8
693,mlterm,0.903856,0.976,0.23199999999999998,11320,0,8
694,mlterm,0.905867,1.0,0.212,11324,0,8
695,mlterm,0.914516,1.04,0.188,11272,0,8
696,mlterm,0.938719,1.044,0.208,11368,0,8
697,mlterm,0.956975,1.048,0.212,11292,0,8
698,mlterm,0.949371,1.036,0.22799999999999998,11276,0,8
699,mlterm,0.932807,1.024,0.216,11520,0,8
700,st,0.363532,0.39199999999999996,0.252,9284,0,0
701,st,0.357453,0.412,0.22399999999999998,9284,0,0
702,st,0.381307,0.46399999999999997,0.216,9284,0,0
703,st,0.362619,0.436,0.216,9284,0,0
704,st,0.353728,0.408,0.22,9284,0,0
705,st,0.367187,0.38799999999999996,0.244,9284,0,0
706,st,0.374528,0.42,0.23199999999999998,9284,0,0
707,st,0.344674,0.412,0.204,9284,0,0
708,st,0.345766,0.39999999999999997,0.22,9284,0,0
709,st,0.355637,0.432,0.204,9284,0,0
710,st,0.371018,0.45599999999999996,0.19999999999999998,9284,0,0
711,st,0.363619,0.472,0.18,9284,0,0
712,st,0.348729,0.432,0.192,9284,0,0
713,st,0.359987,0.444,0.18,9284,0,0
714,st,0.34882,0.408,0.212,9284,0,0
715,st,0.360507,0.38799999999999996,0.256,9284,0,0
716,st,0.359606,0.39599999999999996,0.24,9284,0,0
717,st,0.35474,0.39599999999999996,0.22399999999999998,9284,0,0
718,st,0.354694,0.39599999999999996,0.24,9284,0,0
719,st,0.352573,0.424,0.192,9284,0,0
720,st,0.357692,0.44799999999999995,0.188,9284,0,0
721,st,0.382315,0.45999999999999996,0.22,9284,0,0
722,st,0.361406,0.44,0.208,9284,0,0
723,st,0.355357,0.408,0.22,9284,0,0
724,st,0.35956,0.412,0.212,9284,0,0
725,st,0.369518,0.45199999999999996,0.208,9284,0,0
726,st,0.385745,0.488,0.184,9284,0,0
727,st,0.359439,0.408,0.23199999999999998,9284,0,0
728,st,0.355867,0.40399999999999997,0.216,9284,0,0
729,st,0.362858,0.424,0.22799999999999998,9284,0,0
730,st,0.358384,0.42,0.22399999999999998,9284,0,0
731,st,0.34882,0.39599999999999996,0.22799999999999998,9284,0,0
732,st,0.37638,0.496,0.188,9284,0,0
733,st,0.374184,0.432,0.212,9284,0,0
734,st,0.376912,0.436,0.22399999999999998,9284,0,0
735,st,0.36242,0.376,0.256,9284,0,0
736,st,0.372516,0.46799999999999997,0.19599999999999998,9284,0,0
737,st,0.367065,0.424,0.22799999999999998,9284,0,0
738,st,0.3487,0.40399999999999997,0.22,9284,0,0
739,st,0.346186,0.444,0.176,9284,0,0
740,st,0.345826,0.432,0.184,9284,0,0
741,st,0.349294,0.424,0.204,9284,0,0
742,st,0.348905,0.428,0.19999999999999998,9284,0,0
743,st,0.361054,0.424,0.19599999999999998,9284,0,0
744,st,0.347642,0.384,0.236,9284,0,0
745,st,0.349929,0.412,0.212,9284,0,0
746,st,0.380972,0.45199999999999996,0.216,9284,0,0
747,st,0.364242,0.444,0.188,9284,0,0
748,st,0.366813,0.428,0.216,9284,0,0
749,st,0.363449,0.38,0.26799999999999996,9284,0,0
750,st,0.367123,0.42,0.236,9284,0,0
751,st,0.385779,0.5,0.172,9284,0,0
752,st,0.367165,0.39999999999999997,0.244,9284,0,0
753,st,0.35902,0.45199999999999996,0.176,9284,0,0
754,st,0.39766,0.44799999999999995,0.256,9284,0,0
755,st,0.35214,0.424,0.19599999999999998,9284,0,0
756,st,0.351923,0.39999999999999997,0.22799999999999998,9284,0,0
757,st,0.383098,0.42,0.248,9284,0,0
758,st,0.362964,0.44,0.204,9284,0,0
759,st,0.376916,0.436,0.22399999999999998,9284,0,0
760,st,0.359451,0.40399999999999997,0.22799999999999998,9284,0,0
761,st,0.353875,0.416,0.22,9284,0,0
762,st,0.361993,0.39199999999999996,0.24,9284,0,0
763,st,0.382301,0.44,0.236,9284,0,0
764,st,0.367416,0.412,0.24,9284,0,0
765,st,0.351064,0.39999999999999997,0.22,9284,0,0
766,st,0.346286,0.39999999999999997,0.22399999999999998,9284,0,0
767,st,0.349717,0.432,0.188,9284,0,0
768,st,0.372449,0.45199999999999996,0.184,9284,0,0
769,st,0.382677,0.436,0.23199999999999998,9284,0,0
770,st,0.365332,0.44,0.19599999999999998,9284,0,0
771,st,0.372181,0.416,0.236,9284,0,0
772,st,0.357372,0.432,0.192,9284,0,0
773,st,0.366369,0.44,0.19599999999999998,9284,0,0
774,st,0.388043,0.444,0.19999999999999998,9284,0,0
775,st,0.352478,0.39999999999999997,0.22399999999999998,9284,0,0
776,st,0.370248,0.436,0.212,9284,0,0
777,st,0.357706,0.45999999999999996,0.176,9284,0,0
778,st,0.359991,0.39199999999999996,0.244,9284,0,0
779,st,0.358774,0.416,0.212,9284,0,0
780,st,0.360565,0.384,0.264,9284,0,0
781,st,0.346428,0.45599999999999996,0.16399999999999998,9284,0,0
782,st,0.373138,0.416,0.22799999999999998,9284,0,0
783,st,0.354788,0.38799999999999996,0.23199999999999998,9284,0,0
784,st,0.342153,0.39599999999999996,0.212,9284,0,0
785,st,0.352936,0.39999999999999997,0.22799999999999998,9284,0,0
786,st,0.365906,0.436,0.22,9284,0,0
787,st,0.360216,0.42,0.204,9284,0,0
788,st,0.350577,0.38799999999999996,0.236,9284,0,0
789,st,0.371788,0.39199999999999996,0.26,9284,0,0
790,st,0.363029,0.45599999999999996,0.19599999999999998,9284,0,0
791,st,0.364052,0.444,0.204,9284,0,0
792,st,0.355838,0.436,0.19999999999999998,9284,0,0
793,st,0.358598,0.39999999999999997,0.22799999999999998,9284,0,0
794,st,0.363597,0.45199999999999996,0.176,9284,0,0
795,st,0.373851,0.45599999999999996,0.192,9284,0,0
796,st,0.350689,0.38,0.244,9284,0,0
797,st,0.37591,0.408,0.248,9284,0,0
798,st,0.358124,0.492,0.152,9284,0,0
799,st,0.356535,0.45999999999999996,0.16799999999999998,9284,0,0
800,stterm,0.371789,0.444,0.212,9284,0,0
801,stterm,0.364641,0.44,0.22,9284,0,0
802,stterm,0.35929,0.44799999999999995,0.19599999999999998,9284,0,0
803,stterm,0.348854,0.39599999999999996,0.22399999999999998,9284,0,0
804,stterm,0.361717,0.42,0.22399999999999998,9284,0,0
805,stterm,0.352167,0.38,0.244,9284,0,0
806,stterm,0.362011,0.436,0.192,9284,0,0
807,stterm,0.353103,0.416,0.216,9284,0,0
808,stterm,0.355666,0.376,0.24,9284,0,0
809,stterm,0.375428,0.44799999999999995,0.204,9284,0,0
810,stterm,0.366405,0.39999999999999997,0.248,9284,0,0
811,stterm,0.362673,0.45199999999999996,0.204,9284,0,0
812,stterm,0.354393,0.39999999999999997,0.236,9284,0,0
813,stterm,0.372516,0.44,0.204,9284,0,0
814,stterm,0.404474,0.444,0.216,9284,0,0
815,stterm,0.364091,0.46799999999999997,0.16799999999999998,9284,0,0
816,stterm,0.353572,0.412,0.208,9284,0,0
817,stterm,0.358097,0.428,0.208,9284,0,0
818,stterm,0.365616,0.46799999999999997,0.184,9284,0,0
819,stterm,0.352886,0.44799999999999995,0.18,9284,0,0
820,stterm,0.359681,0.44799999999999995,0.184,9284,0,0
821,stterm,0.357783,0.46799999999999997,0.172,9284,0,0
822,stterm,0.357371,0.39199999999999996,0.244,9284,0,0
823,stterm,0.354351,0.416,0.204,9284,0,0
824,stterm,0.365498,0.408,0.212,9284,0,0
825,stterm,0.360303,0.38799999999999996,0.23199999999999998,9284,0,0
826,stterm,0.36202,0.476,0.176,9284,0,0
827,stterm,0.362599,0.444,0.19999999999999998,9284,0,0
828,stterm,0.351301,0.384,0.244,9284,0,0
829,stterm,0.348649,0.432,0.19599999999999998,9284,0,0
830,stterm,0.356169,0.376,0.244,9284,0,0
831,stterm,0.361822,0.408,0.236,9284,0,0
832,stterm,0.352308,0.40399999999999997,0.216,9284,0,0
833,stterm,0.371672,0.416,0.22399999999999998,9284,0,0
834,stterm,0.388532,0.472,0.22,9284,0,0
835,stterm,0.353227,0.412,0.22399999999999998,9284,0,0
836,stterm,0.370474,0.436,0.216,9284,0,0
837,stterm,0.35562,0.408,0.22399999999999998,9284,0,0
838,stterm,0.354191,0.444,0.172,9284,0,0
839,stterm,0.347512,0.39999999999999997,0.22,9284,0,0
840,stterm,0.35253,0.46399999999999997,0.16799999999999998,9284,0,0
841,stterm,0.357628,0.39999999999999997,0.216,9284,0,0
842,stterm,0.345878,0.412,0.204,9284,0,0
843,stterm,0.37459,0.416,0.22799999999999998,9284,0,0
844,stterm,0.372022,0.44,0.22,9284,0,0
845,stterm,0.361896,0.408,0.22,9284,0,0
846,stterm,0.391949,0.44,0.248,9284,0,0
847,stterm,0.376721,0.45999999999999996,0.19599999999999998,9284,0,0
848,stterm,0.366057,0.46799999999999997,0.184,9284,0,0
849,stterm,0.366911,0.424,0.22799999999999998,9284,0,0
850,stterm,0.365598,0.408,0.22799999999999998,9284,0,0
851,stterm,0.361749,0.40399999999999997,0.22,9284,0,0
852,stterm,0.366325,0.38799999999999996,0.244,9284,0,0
853,stterm,0.36016,0.39999999999999997,0.22799999999999998,9284,0,0
854,stterm,0.370034,0.45599999999999996,0.188,9284,0,0
855,stterm,0.375307,0.372,0.248,9284,0,0
856,stterm,0.35325,0.39999999999999997,0.212,9284,0,0
857,stterm,0.366264,0.476,0.176,9284,0,0
858,stterm,0.361864,0.42,0.19999999999999998,9284,0,0
859,stterm,0.368919,0.45199999999999996,0.216,9284,0,0
860,stterm,0.36358,0.39999999999999997,0.236,9284,0,0
861,stterm,0.358377,0.356,0.264,9284,0,0
862,stterm,0.354187,0.436,0.19599999999999998,9284,0,0
863,stterm,0.375597,0.408,0.256,9284,0,0
864,stterm,0.357221,0.436,0.184,9284,0,0
865,stterm,0.353095,0.44,0.18,9284,0,0
866,stterm,0.354209,0.39199999999999996,0.22799999999999998,9284,0,0
867,stterm,0.347501,0.39999999999999997,0.216,9284,0,0
868,stterm,0.366339,0.45599999999999996,0.19999999999999998,9284,0,0
869,stterm,0.372278,0.46399999999999997,0.204,9284,0,0
870,stterm,0.384909,0.44,0.248,9284,0,0
871,stterm,0.367355,0.45599999999999996,0.19999999999999998,9284,0,0
872,stterm,0.344886,0.44799999999999995,0.16399999999999998,9284,0,0
873,stterm,0.34993,0.412,0.212,9284,0,0
874,stterm,0.348285,0.44799999999999995,0.172,9284,0,0
875,stterm,0.356632,0.432,0.18,9284,0,0
876,stterm,0.365384,0.444,0.216,9284,0,0
877,stterm,0.369731,0.412,0.22799999999999998,9284,0,0
878,stterm,0.353127,0.432,0.188,9284,0,0
879,stterm,0.372782,0.416,0.248,9284,0,0
880,stterm,0.358124,0.408,0.216,9284,0,0
881,stterm,0.36524,0.42,0.212,9284,0,0
882,stterm,0.375639,0.444,0.216,9284,0,0
883,stterm,0.345125,0.412,0.204,9284,0,0
884,stterm,0.354851,0.424,0.212,9284,0,0
885,stterm,0.357483,0.408,0.22,9284,0,0
886,stterm,0.349129,0.424,0.204,9284,0,0
887,stterm,0.368681,0.42,0.22,9284,0,0
888,stterm,0.357717,0.39599999999999996,0.236,9284,0,0
889,stterm,0.381672,0.444,0.22399999999999998,9284,0,0
890,stterm,0.349523,0.44,0.172,9284,0,0
891,stterm,0.358422,0.412,0.23199999999999998,9284,0,0
892,stterm,0.365628,0.39999999999999997,0.24,9284,0,0
893,stterm,0.359739,0.416,0.216,9284,0,0
894,stterm,0.363099,0.39199999999999996,0.244,9284,0,0
895,stterm,0.368266,0.424,0.22799999999999998,9284,0,0
896,stterm,0.380305,0.42,0.216,9284,0,0
897,stterm,0.37627,0.472,0.208,9284,0,0
898,stterm,0.36689,0.412,0.23199999999999998,9284,0,0
899,stterm,0.360241,0.45999999999999996,0.184,9284,0,0
900,urxvt,0.377336,0.384,0.284,13720,0,0
901,urxvt,0.374495,0.408,0.244,13704,0,0
902,urxvt,0.364469,0.348,0.296,13592,0,0
903,urxvt,0.379632,0.344,0.32,13636,0,0
904,urxvt,0.37674,0.372,0.288,13532,0,0
905,urxvt,0.377483,0.364,0.308,13744,0,0
906,urxvt,0.366145,0.356,0.284,13688,0,0
907,urxvt,0.369325,0.296,0.352,13588,0,0
908,urxvt,0.363915,0.348,0.284,13588,0,0
909,urxvt,0.366791,0.364,0.27999999999999997,13556,0,0
910,urxvt,0.367139,0.384,0.26,13704,0,0
911,urxvt,0.365053,0.384,0.256,13720,0,0
912,urxvt,0.369469,0.36,0.284,13416,0,0
913,urxvt,0.369734,0.324,0.324,13752,0,0
914,urxvt,0.363295,0.384,0.252,13872,0,0
915,urxvt,0.372438,0.372,0.284,13796,0,0
916,urxvt,0.383906,0.36,0.308,13540,0,0
917,urxvt,0.374596,0.33199999999999996,0.33199999999999996,13772,0,0
918,urxvt,0.390467,0.39199999999999996,0.284,13560,0,0
919,urxvt,0.373186,0.324,0.33599999999999997,13660,0,0
920,urxvt,0.364005,0.33599999999999997,0.308,13688,0,0
921,urxvt,0.369635,0.352,0.304,13828,0,0
922,urxvt,0.374537,0.368,0.288,13596,0,0
923,urxvt,0.379261,0.348,0.316,13676,0,0
924,urxvt,0.376255,0.352,0.312,13668,0,0
925,urxvt,0.363362,0.352,0.292,13792,0,0
926,urxvt,0.361637,0.316,0.324,13472,0,0
927,urxvt,0.373206,0.364,0.292,13744,0,0
928,urxvt,0.369539,0.364,0.27999999999999997,13532,0,0
929,urxvt,0.374126,0.348,0.312,13744,0,0
930,urxvt,0.363941,0.356,0.27999999999999997,13692,0,0
931,urxvt,0.375139,0.408,0.248,13676,0,0
932,urxvt,0.367558,0.348,0.3,13652,0,0
933,urxvt,0.364519,0.364,0.27599999999999997,13572,0,0
934,urxvt,0.36743,0.39199999999999996,0.256,13840,0,0
935,urxvt,0.388663,0.372,0.27999999999999997,13604,0,0
936,urxvt,0.366821,0.364,0.288,13744,0,0
937,urxvt,0.381531,0.384,0.288,13624,0,0
938,urxvt,0.37754,0.356,0.308,13560,0,0
939,urxvt,0.370091,0.356,0.292,13712,0,0
940,urxvt,0.372322,0.33999999999999997,0.32,13432,0,0
941,urxvt,0.369556,0.348,0.3,13460,0,0
942,urxvt,0.363649,0.33999999999999997,0.3,13700,0,0
943,urxvt,0.369382,0.372,0.27999999999999997,13572,0,0
944,urxvt,0.36923,0.364,0.284,13680,0,0
945,urxvt,0.359489,0.36,0.27599999999999997,13512,0,0
946,urxvt,0.363937,0.33999999999999997,0.304,13524,0,0
947,urxvt,0.37044,0.356,0.3,13652,0,0
948,urxvt,0.373295,0.356,0.296,13608,0,0
949,urxvt,0.365949,0.352,0.284,13736,0,0
950,urxvt,0.370957,0.344,0.304,13600,0,0
951,urxvt,0.373937,0.344,0.324,13540,0,0
952,urxvt,0.37498,0.38,0.27999999999999997,13656,0,0
953,urxvt,0.367539,0.33999999999999997,0.312,13548,0,0
954,urxvt,0.37073,0.38,0.27599999999999997,13472,0,0
955,urxvt,0.368987,0.38799999999999996,0.27199999999999996,13684,0,0
956,urxvt,0.36286,0.33199999999999996,0.308,13636,0,0
957,urxvt,0.362075,0.38,0.26,13548,0,0
958,urxvt,0.364466,0.296,0.352,13568,0,0
959,urxvt,0.373157,0.348,0.308,13608,0,0
960,urxvt,0.365267,0.348,0.292,13808,0,0
961,urxvt,0.371977,0.40399999999999997,0.252,13748,0,0
962,urxvt,0.377897,0.384,0.288,13596,0,0
963,urxvt,0.368675,0.368,0.284,13496,0,0
964,urxvt,0.37287,0.36,0.3,13648,0,0
965,urxvt,0.377479,0.376,0.296,13616,0,0
966,urxvt,0.367062,0.368,0.284,13684,0,0
967,urxvt,0.377386,0.39199999999999996,0.27199999999999996,13648,0,0
968,urxvt,0.372273,0.32,0.33199999999999996,13644,0,0
969,urxvt,0.368091,0.33999999999999997,0.308,13540,0,0
970,urxvt,0.361098,0.33599999999999997,0.3,13800,0,0
971,urxvt,0.383463,0.428,0.252,13784,0,0
972,urxvt,0.381274,0.384,0.284,13568,0,0
973,urxvt,0.376564,0.39199999999999996,0.27199999999999996,13724,0,0
974,urxvt,0.371005,0.356,0.304,13592,0,0
975,urxvt,0.391651,0.38799999999999996,0.27199999999999996,13756,0,0
976,urxvt,0.379891,0.384,0.284,13568,0,0
977,urxvt,0.365033,0.38,0.26,13692,0,0
978,urxvt,0.368005,0.428,0.22399999999999998,13648,0,0
979,urxvt,0.358954,0.368,0.264,13636,0,0
980,urxvt,0.36912,0.384,0.26799999999999996,13636,0,0
981,urxvt,0.36152,0.39199999999999996,0.244,13588,0,0
982,urxvt,0.372433,0.36,0.3,13852,0,0
983,urxvt,0.363082,0.376,0.264,13684,0,0
984,urxvt,0.37441,0.368,0.304,13564,0,0
985,urxvt,0.368853,0.356,0.296,13688,0,0
986,urxvt,0.376277,0.368,0.292,13440,0,0
987,urxvt,0.369384,0.33199999999999996,0.324,13496,0,0
988,urxvt,0.37192,0.348,0.308,13684,0,0
989,urxvt,0.374078,0.364,0.308,13720,0,0
990,urxvt,0.364788,0.364,0.27999999999999997,13472,0,0
991,urxvt,0.372635,0.356,0.304,13736,0,0
992,urxvt,0.377984,0.40399999999999997,0.26,13528,0,0
993,urxvt,0.373328,0.352,0.3,13712,0,0
994,urxvt,0.374999,0.36,0.304,13676,0,0
995,urxvt,0.368606,0.33999999999999997,0.312,13472,0,0
996,urxvt,0.375025,0.33999999999999997,0.33199999999999996,13484,0,0
997,urxvt,0.369015,0.39599999999999996,0.256,13444,0,0
998,urxvt,0.378447,0.39599999999999996,0.284,13484,0,0
999,urxvt,0.365967,0.364,0.27999999999999997,13720,0,0
